{
  "border-default": {
    "type": "borderRadius",
    "value": "{global-borderRadius-100}",
    "$extensions": {
      "studio.tokens": {
        "urn": "urn:ts:tokens:eu-central-1:pvpLLG7b2J6QgwG1RTUnPg:token/mM5DsrHxZhLXfSWUTuw5yv/5MeuyXFnhPD8eSVKebogVB/9kFG4d4eyGqg2PymcmFEDS"
      }
    }
  },
  "primary-color-default": {
    "type": "color",
    "value": "{global-color-five-700}",
    "$extensions": {
      "studio.tokens": {
        "urn": "urn:ts:tokens:eu-central-1:pvpLLG7b2J6QgwG1RTUnPg:token/mM5DsrHxZhLXfSWUTuw5yv/5MeuyXFnhPD8eSVKebogVB/3w9gqXcVZry7PJfGHR2Jhi"
      }
    }
  }
}